{
  "timestamp": "2026-05-29T11:49:12.125757",
  "baseline": 89.19,
  "open_threshold": 20.0,
  "fps": 2.0,
  "runs": [
    {
      "run": 1,
      "t_bot_open": 2.500628554960713,
      "open_time": 18.906145331915468,
      "t_top_open_stab": 14.405516776954755,
      "close_time": 18.004235345171764,
      "t_top_close": 5.001275474205613,
      "open_samples": [
        [
          2.7404166758060455e-07,
          89.95238095238095,
          "CLOSED"
        ],
        [
          0.5000808478798717,
          90.00595238095238,
          "CLOSED"
        ],
        [
          1.0001784549094737,
          90.01153273809524,
          "CLOSED"
        ],
        [
          1.5003590160049498,
          94.93489583333333,
          "CLOSED"
        ],
        [
          2.0005555069074035,
          108.95349702380952,
          "CLOSED"
        ],
        [
          2.500628554960713,
          129.63504464285714,
          "OPEN"
        ],
        [
          3.0007014048751444,
          143.1577380952381,
          "OPEN"
        ],
        [
          3.500781530048698,
          160.56994047619048,
          "OPEN"
        ],
        [
          4.000892359064892,
          171.57366071428572,
          "OPEN"
        ],
        [
          4.50099803507328,
          186.96614583333334,
          "OPEN"
        ]
      ],
      "close_samples": [
        [
          2.300366759300232e-07,
          221.35677083333334,
          "OPEN"
        ],
        [
          0.5001721100416034,
          221.54315476190476,
          "OPEN"
        ],
        [
          1.0002589921932667,
          221.70647321428572,
          "OPEN"
        ],
        [
          1.5004522080998868,
          221.69159226190476,
          "OPEN"
        ],
        [
          2.0005252880509943,
          221.84895833333334,
          "OPEN"
        ],
        [
          2.500602062093094,
          221.90885416666666,
          "OPEN"
        ],
        [
          3.0007102671079338,
          221.83370535714286,
          "OPEN"
        ],
        [
          3.500814516097307,
          221.65029761904762,
          "OPEN"
        ],
        [
          4.000980667071417,
          221.40104166666666,
          "OPEN"
        ],
        [
          4.501093385042623,
          220.77455357142858,
          "OPEN"
        ],
        [
          5.001275474205613,
          219.92708333333334,
          "OPEN"
        ],
        [
          5.501469114096835,
          219.66964285714286,
          "OPEN"
        ],
        [
          6.001552096102387,
          219.34337797619048,
          "OPEN"
        ],
        [
          6.5016395901329815,
          219.34895833333334,
          "OPEN"
        ],
        [
          7.001745358109474,
          219.29724702380952,
          "OPEN"
        ],
        [
          7.501828321022913,
          219.19754464285714,
          "OPEN"
        ],
        [
          8.001924886135384,
          219.11830357142858,
          "OPEN"
        ],
        [
          8.502008144045249,
          218.93675595238096,
          "OPEN"
        ],
        [
          9.00212517217733,
          218.01599702380952,
          "OPEN"
        ],
        [
          9.502250826219097,
          217.84709821428572,
          "OPEN"
        ],
        [
          10.002330121118575,
          216.94456845238096,
          "OPEN"
        ],
        [
          10.502396066207439,
          216.24739583333334,
          "OPEN"
        ],
        [
          11.002510491060093,
          213.96056547619048,
          "OPEN"
        ],
        [
          11.502696550218388,
          213.10528273809524,
          "OPEN"
        ],
        [
          12.002808274002746,
          209.6279761904762,
          "OPEN"
        ],
        [
          12.50290315411985,
          208.2235863095238,
          "OPEN"
        ],
        [
          13.00300619006157,
          205.71279761904762,
          "OPEN"
        ],
        [
          13.50311955017969,
          202.140625,
          "OPEN"
        ],
        [
          14.003228221088648,
          197.93415178571428,
          "OPEN"
        ],
        [
          14.503330736188218,
          193.67075892857142,
          "OPEN"
        ],
        [
          15.00343192415312,
          182.14620535714286,
          "OPEN"
        ],
        [
          15.50352071900852,
          173.18415178571428,
          "OPEN"
        ],
        [
          16.003591889049858,
          156.84188988095238,
          "OPEN"
        ],
        [
          16.503719922155142,
          144.82886904761904,
          "OPEN"
        ],
        [
          17.00392358819954,
          124.61458333333333,
          "OPEN"
        ],
        [
          17.504036744125187,
          113.84561011904762,
          "OPEN"
        ],
        [
          18.004235345171764,
          100.13802083333333,
          "CLOSED"
        ],
        [
          18.50433876621537,
          93.55580357142857,
          "CLOSED"
        ],
        [
          19.004428184125572,
          87.07105654761905,
          "CLOSED"
        ],
        [
          19.504511594073847,
          84.56473214285714,
          "CLOSED"
        ],
        [
          20.00458633317612,
          84.51599702380952,
          "CLOSED"
        ]
      ]
    },
    {
      "run": 2,
      "t_bot_open": 2.0004368838854134,
      "open_time": 18.42430003779009,
      "t_top_open_stab": 14.423863153904676,
      "close_time": 18.00470726401545,
      "t_top_close": 5.001383079914376,
      "open_samples": [
        [
          1.6787089407444e-07,
          86.22321428571429,
          "CLOSED"
        ],
        [
          0.5001356399152428,
          86.20498511904762,
          "CLOSED"
        ],
        [
          1.0002578638959676,
          86.46837797619048,
          "CLOSED"
        ],
        [
          1.5003265119157732,
          93.8921130952381,
          "CLOSED"
        ],
        [
          2.0004368838854134,
          109.62165178571429,
          "OPEN"
        ],
        [
          2.5005082429852337,
          130.67857142857142,
          "OPEN"
        ],
        [
          3.000617261044681,
          144.1171875,
          "OPEN"
        ],
        [
          3.5007187598384917,
          161.7578125,
          "OPEN"
        ],
        [
          4.001019666902721,
          174.60528273809524,
          "OPEN"
        ]
      ],